gene,VDR_score,GR_score,VDR_celltypes,GR_celltypes,VDR_base_cells,GR_base_cells,VDR_experiments,GR_experiments,VDR_repro,GR_repro,VDR_dominant,repro_ratio,status
TNFRSF18,10.42,278.84,1,25,1.0,14.0,1.0,14.0,0.1,0.3783783783783784,False,-1.8199593621910897,other
TNFRSF4,0.0,193.04,0,24,0.0,14.0,0.0,15.0,0.0,0.4054054054054054,False,-5.376448084061821,failed
TNFRSF9,61.43,101.64,2,7,2.0,6.0,2.0,5.0,0.2,0.1351351351351351,False,0.5329925104222974,failed
PIK3CD,13.67,23.02,3,12,3.0,9.0,3.0,12.0,0.3,0.3243243243243243,False,-0.1089801089605447,other
MTOR,62.77,149.22,6,16,6.0,12.0,5.0,11.0,0.5,0.2972972972972973,False,0.7308621687081974,other
EPHA2,21.18,53.58,4,26,4.0,15.0,4.0,16.0,0.4,0.4324324324324324,False,-0.1098332362271199,other
CNR2,39.16,29.54,2,11,2.0,8.0,2.0,8.0,0.2,0.2162162162162162,True,-0.1073130241426337,other
CD52,9.65,0.0,2,6,2.0,6.0,2.0,7.0,0.2,0.1891891891891892,True,0.0762499793126403,approved
PTAFR,9.03,11.99,2,4,2.0,4.0,2.0,4.0,0.2,0.1081081081081081,False,0.8302813189071119,other
OPRD1,0.0,24.67,0,4,0.0,3.0,0.0,3.0,0.0,0.081081081081081,False,-3.1871514155529086,other
HCRTR1,0.0,3.87,0,3,0.0,3.0,0.0,3.0,0.0,0.081081081081081,False,-3.1871514155529086,other
LCK,0.0,20.77,1,10,1.0,7.0,1.0,9.0,0.1,0.2432432432432432,False,-1.20302025339294,other
HDAC1,53.58,41.17,3,18,3.0,11.0,3.0,12.0,0.3,0.3243243243243243,True,-0.1089801089605447,other
CSF3R,137.23,31.13,5,22,5.0,12.0,3.0,12.0,0.3,0.3243243243243243,True,-0.1089801089605447,other
FAAH,9.36,119.53,1,7,1.0,7.0,1.0,8.0,0.1,0.2162162162162162,False,-1.0401988282840968,other
JAK1,12.81,85.48,2,17,2.0,10.0,2.0,11.0,0.2,0.2972972972972973,False,-0.5492457504845378,approved
PTGER3,0.0,0.0,0,4,0.0,3.0,0.0,3.0,0.0,0.081081081081081,False,-3.1871514155529086,other
PTGFR,4.37,55.4,2,13,2.0,6.0,2.0,6.0,0.2,0.1621621621621621,False,0.2866212261514095,other
S1PR1,6.26,29.35,4,19,4.0,12.0,4.0,10.0,0.4,0.2702702702702703,False,0.5488051914338078,approved
CSF1,6.09,118.48,2,15,2.0,10.0,2.0,7.0,0.2,0.1891891891891892,False,0.0762499793126403,other
ADORA3,43.73,24.52,5,12,5.0,8.0,4.0,8.0,0.4,0.2162162162162162,True,0.8579215576966897,other
CD2,0.0,12.29,0,2,0.0,2.0,0.0,2.0,0.0,0.054054054054054,False,-2.679289883269309,other
SV2A,15.41,9.71,3,4,3.0,4.0,3.0,4.0,0.3,0.1081081081081081,True,1.3921602065152263,other
NPR1,3.93,2.99,1,5,1.0,4.0,1.0,5.0,0.1,0.1351351351351351,True,-0.3998932937191657,other
IL6R,99.59,82.9,7,20,7.0,15.0,5.0,14.0,0.5,0.3783783783783784,True,0.3930343611431088,approved
FDPS,31.62,28.96,5,25,5.0,20.0,4.0,16.0,0.4,0.4324324324324324,True,-0.1098332362271199,other
NTRK1,10.46,79.17,4,9,4.0,8.0,4.0,9.0,0.4,0.2432432432432432,False,0.6951001325878468,other
DDR2,0.0,0.0,0,3,0.0,2.0,0.0,3.0,0.0,0.081081081081081,False,-3.1871514155529086,other
TNFSF4,3.38,22.64,5,37,5.0,18.0,5.0,20.0,0.5,0.5405405405405406,False,-0.1103515573654427,other
SERPINC1,0.0,0.0,0,0,0.0,0.0,0.0,0.0,0.0,0.0,False,0.0,other
PTGS2,6.62,3.24,2,4,2.0,4.0,2.0,7.0,0.2,0.1891891891891892,True,0.0762499793126403,other
PLA2G4A,4.45,0.0,1,2,1.0,2.0,1.0,2.0,0.1,0.054054054054054,True,0.780141735367988,other
ADORA1,0.0,198.31,0,15,0.0,9.0,0.0,9.0,0.0,0.2432432432432432,False,-4.662451872030237,other
REN,216.9,21.99,5,4,3.0,3.0,2.0,3.0,0.2,0.081081081081081,True,1.2051660072258517,other
IL20,0.0,30.05,0,14,0.0,8.0,0.0,6.0,0.0,0.1621621621621621,False,-4.105696196627351,other
PARP1,16.52,53.71,2,20,2.0,15.0,2.0,16.0,0.2,0.4324324324324324,False,-1.0750678180664432,other
CHRM3,11.74,0.0,2,2,2.0,2.0,2.0,2.0,0.2,0.054054054054054,True,1.7130275395094512,other
NLRP3,55.77,33.38,4,9,3.0,7.0,2.0,6.0,0.2,0.1621621621621621,True,0.2866212261514095,ongoing
ADAM17,18.4,195.86,5,24,5.0,15.0,4.0,18.0,0.4,0.4864864864864865,False,-0.276130540864316,other
ROCK2,10.49,58.06,5,19,5.0,10.0,5.0,16.0,0.5,0.4324324324324324,False,0.2050401011262917,other
DNMT3A,5.6,69.5,3,10,3.0,7.0,3.0,11.0,0.3,0.2972972972972973,False,0.0126331371235769,other
ALK,0.0,4.75,1,5,1.0,5.0,1.0,5.0,0.1,0.1351351351351351,False,-0.3998932937191657,other
XDH,0.0,8.12,0,8,0.0,7.0,0.0,6.0,0.0,0.1621621621621621,False,-4.105696196627351,other
XPO1,31.53,133.51,5,31,5.0,20.0,4.0,22.0,0.4,0.5945945945945946,False,-0.5603441708120853,other
TACR1,0.0,0.0,0,6,0.0,5.0,0.0,7.0,0.0,0.1891891891891892,False,-4.31606744346612,other
IL1R1,5.72,333.19,2,41,2.0,22.0,2.0,24.0,0.2,0.6486486486486487,False,-1.6491197473156307,other
IL1A,75.78,18.7,1,5,1.0,3.0,1.0,2.0,0.1,0.054054054054054,True,0.780141735367988,other
IL1B,10.2,45.09,3,18,3.0,10.0,3.0,10.0,0.3,0.2702702702702703,False,0.1454494972025992,approved
CXCR4,27.15,141.98,1,32,1.0,17.0,1.0,18.0,0.1,0.4864864864864865,False,-2.1742509268451022,other
NFE2L2,14.76,71.59,4,24,4.0,16.0,4.0,14.0,0.4,0.3783783783783784,False,0.0781610237896969,other
CALCRL,6.77,0.0,2,3,2.0,3.0,2.0,3.0,0.2,0.081081081081081,True,1.2051660072258517,other
CD28,0.0,54.88,0,4,0.0,4.0,0.0,4.0,0.0,0.1081081081081081,False,-3.5620361038716486,other
CTLA4,0.0,27.22,0,1,0.0,1.0,0.0,1.0,0.0,0.027027027027027,False,-1.888578717331577,approved
PIKFYVE,32.2,33.04,4,17,4.0,11.0,4.0,17.0,0.4,0.4594594594594595,False,-0.1953766684633593,other
FN1,18.98,27.15,2,16,2.0,8.0,2.0,11.0,0.2,0.2972972972972973,False,-0.5492457504845378,other
CXCR2,69.42,8.12,2,2,2.0,2.0,1.0,2.0,0.1,0.054054054054054,True,0.780141735367988,other
CXCR1,4.96,0.0,1,2,1.0,2.0,1.0,2.0,0.1,0.054054054054054,True,0.780141735367988,other
INPP5D,179.9,33.08,7,7,6.0,7.0,4.0,7.0,0.4,0.1891891891891892,True,1.041484561151964,other
PDCD1,0.0,76.52,0,12,0.0,9.0,0.0,9.0,0.0,0.2432432432432432,False,-4.662451872030237,approved
IL5RA,20.35,61.24,2,16,2.0,11.0,2.0,14.0,0.2,0.3783783783783784,False,-0.8870735580496263,other
HRH1,140.89,65.51,8,25,6.0,16.0,4.0,16.0,0.4,0.4324324324324324,True,-0.1098332362271199,other
PPARG,11.09,12.78,1,4,1.0,3.0,1.0,6.0,0.1,0.1621621621621621,False,-0.6462645779900534,other
RAF1,19.66,40.61,4,24,4.0,16.0,4.0,15.0,0.4,0.4054054054054054,False,-0.0188960794437378,other
HDAC11,64.61,65.73,4,21,4.0,11.0,3.0,12.0,0.3,0.3243243243243243,False,-0.1089801089605447,other
RARB,0.0,89.36,0,12,0.0,7.0,0.0,5.0,0.0,0.1351351351351351,False,-3.859324912356463,other
ACVR2B,5.09,39.09,2,16,2.0,10.0,2.0,10.0,0.2,0.2702702702702703,False,-0.4164293904055157,other
SCN5A,0.0,18.58,0,4,0.0,3.0,0.0,4.0,0.0,0.1081081081081081,False,-3.5620361038716486,other
CCR9,0.0,12.27,0,7,0.0,4.0,0.0,4.0,0.0,0.1081081081081081,False,-3.5620361038716486,failed
CCR1,68.06,18.84,2,2,2.0,2.0,2.0,2.0,0.2,0.054054054054054,True,1.7130275395094512,other
CCR2,7.74,6.95,1,11,1.0,9.0,1.0,8.0,0.1,0.2162162162162162,True,-1.0401988282840968,failed
CCR5,19.46,0.0,1,0,1.0,0.0,1.0,0.0,0.1,0.0,True,3.4594316186372973,other
PTH1R,47.2,234.52,3,22,3.0,12.0,3.0,14.0,0.3,0.3783783783783784,False,-0.3251946704415115,other
TLR9,9.84,44.51,1,5,1.0,5.0,1.0,6.0,0.1,0.1621621621621621,False,-0.6462645779900534,other
TIGIT,0.0,8.84,0,5,0.0,4.0,0.0,5.0,0.0,0.1351351351351351,False,-3.859324912356463,failed
CD80,11.29,0.0,0,18,0.0,10.0,0.0,11.0,0.0,0.2972972972972973,True,-4.941563173263298,other
CD86,26.86,18.65,1,1,1.0,1.0,1.0,1.0,0.1,0.027027027027027,True,1.5708529013057202,approved
PIK3CB,26.43,23.03,3,14,3.0,11.0,3.0,13.0,0.3,0.3513513513513513,True,-0.2211340740775279,other
ATR,36.05,89.15,4,28,4.0,18.0,4.0,17.0,0.4,0.4594594594594595,False,-0.1953766684633593,other
P2RY12,0.0,96.27,0,2,0.0,2.0,0.0,2.0,0.0,0.054054054054054,False,-2.679289883269309,other
GMPS,14.64,30.96,3,15,3.0,10.0,2.0,10.0,0.2,0.2702702702702703,False,-0.4164293904055157,other
FGFR3,21.59,21.82,1,5,1.0,3.0,1.0,4.0,0.1,0.1081081081081081,False,-0.1026044852343513,other
PDGFRA,4.42,134.3,2,14,2.0,9.0,2.0,10.0,0.2,0.2702702702702703,False,-0.4164293904055157,other
KIT,21.29,137.44,3,27,3.0,16.0,3.0,13.0,0.3,0.3513513513513513,False,-0.2211340740775279,other
KDR,7.48,97.78,2,18,2.0,12.0,2.0,12.0,0.2,0.3243243243243243,False,-0.6708589965686595,other
PPAT,6.72,17.2,4,14,3.0,10.0,3.0,9.0,0.3,0.2432432432432432,False,0.2917444383566379,other
GNRHR,0.0,0.0,0,1,0.0,1.0,0.0,1.0,0.0,0.027027027027027,False,-1.888578717331577,other
CXCL8,10.92,133.41,3,32,2.0,17.0,2.0,18.0,0.2,0.4864864864864865,False,-1.2413651227036395,other
CXCL10,5.29,21.93,1,4,1.0,4.0,1.0,3.0,0.1,0.081081081081081,False,0.2722802030843886,ongoing
HPSE,9.27,57.65,2,13,2.0,8.0,2.0,10.0,0.2,0.2702702702702703,False,-0.4164293904055157,other
SPP1,137.09,6.6,12,6,8.0,5.0,6.0,8.0,0.6,0.2162162162162162,True,1.431106890641492,other
ADH5,48.36,80.42,1,20,1.0,12.0,1.0,14.0,0.1,0.3783783783783784,False,-1.8199593621910897,other
PPP3CA,141.59,11.37,12,16,8.0,10.0,6.0,11.0,0.6,0.2972972972972973,True,0.9891741642995882,other
PDE5A,22.77,7.56,3,9,3.0,7.0,3.0,9.0,0.3,0.2432432432432432,True,0.2917444383566379,other
FGF2,16.66,55.25,4,15,4.0,11.0,4.0,9.0,0.4,0.2432432432432432,False,0.6951001325878468,other
IL15,31.5,27.81,5,13,5.0,10.0,5.0,11.0,0.5,0.2972972972972973,True,0.7308621687081974,other
EDNRA,0.0,3.7,0,9,0.0,5.0,0.0,6.0,0.0,0.1621621621621621,False,-4.105696196627351,other
NR3C2,19.75,18.02,2,9,2.0,6.0,2.0,8.0,0.2,0.2162162162162162,True,-0.1073130241426337,other
TLR2,11.37,12.71,2,5,2.0,5.0,2.0,4.0,0.2,0.1081081081081081,False,0.8302813189071119,failed
GRIA2,0.0,0.0,0,1,0.0,1.0,0.0,1.0,0.0,0.027027027027027,False,-1.888578717331577,other
TLR3,0.0,0.0,0,1,0.0,1.0,0.0,1.0,0.0,0.027027027027027,False,-1.888578717331577,other
SLC6A3,0.0,7.65,0,5,0.0,4.0,0.0,4.0,0.0,0.1081081081081081,False,-3.5620361038716486,other
OSMR,39.93,182.9,6,22,4.0,14.0,4.0,15.0,0.4,0.4054054054054054,False,-0.0188960794437378,ongoing
PTGER4,14.13,27.15,4,24,4.0,13.0,4.0,14.0,0.4,0.3783783783783784,False,0.0781610237896969,other
GHR,57.7,0.0,4,10,4.0,7.0,3.0,8.0,0.3,0.2162162162162162,True,0.4545658634654811,other
ITGA2,19.37,107.8,4,20,4.0,12.0,4.0,13.0,0.4,0.3513513513513513,False,0.1822216201536808,other
IL31RA,6.13,59.84,2,16,2.0,8.0,2.0,8.0,0.2,0.2162162162162162,False,-0.1073130241426337,approved
MAP3K1,13.84,101.77,2,19,2.0,12.0,2.0,13.0,0.2,0.3513513513513513,False,-0.7830129616856427,other
HMGCR,23.51,34.51,3,19,3.0,12.0,3.0,14.0,0.3,0.3783783783783784,False,-0.3251946704415115,other
DHFR,33.89,42.56,6,13,6.0,9.0,6.0,13.0,0.6,0.3513513513513513,False,0.7554069530984832,other
TSLP,23.96,3.11,2,5,2.0,5.0,2.0,5.0,0.2,0.1351351351351351,True,0.5329925104222974,approved
CSF2,20.08,203.2,2,13,2.0,7.0,2.0,5.0,0.2,0.1351351351351351,False,0.5329925104222974,failed
IL5,6.02,123.29,3,15,3.0,10.0,3.0,15.0,0.3,0.4054054054054054,False,-0.4222517736749465,approved
IL13,3.31,99.09,2,14,2.0,6.0,2.0,6.0,0.2,0.1621621621621621,False,0.2866212261514095,approved
CD14,207.55,155.41,9,20,5.0,14.0,5.0,12.0,0.5,0.3243243243243243,True,0.6092489226240755,other
HDAC3,4.83,49.5,1,9,1.0,5.0,1.0,6.0,0.1,0.1621621621621621,False,-0.6462645779900534,other
FGF1,4.72,1.68,1,5,1.0,4.0,1.0,5.0,0.1,0.1351351351351351,True,-0.3998932937191657,other
NR3C1,56.91,9.43,2,8,2.0,8.0,2.0,7.0,0.2,0.1891891891891892,True,0.0762499793126403,other
ADRB2,14.51,48.38,6,20,6.0,13.0,6.0,11.0,0.6,0.2972972972972973,False,0.9891741642995882,other
CSF1R,7.53,84.26,2,13,2.0,6.0,2.0,5.0,0.2,0.1351351351351351,False,0.5329925104222974,other
PDGFRB,0.0,30.47,0,12,0.0,6.0,0.0,8.0,0.0,0.2162162162162162,False,-4.499630446921394,approved
GRIA1,0.0,0.0,0,1,0.0,1.0,0.0,1.0,0.0,0.027027027027027,False,-1.888578717331577,other
HAVCR2,54.67,56.32,4,11,4.0,7.0,2.0,6.0,0.2,0.1621621621621621,False,0.2866212261514095,ongoing
ITK,54.67,56.32,4,11,4.0,7.0,2.0,6.0,0.2,0.1621621621621621,False,0.2866212261514095,other
HRH2,26.08,45.03,1,4,1.0,3.0,1.0,3.0,0.1,0.081081081081081,False,0.2722802030843886,other
FLT4,0.0,0.0,0,3,0.0,3.0,0.0,3.0,0.0,0.081081081081081,False,-3.1871514155529086,other
RIPK1,18.79,171.22,5,22,5.0,13.0,5.0,14.0,0.5,0.3783783783783784,False,0.3930343611431088,ongoing
ALDH5A1,4.22,24.85,3,9,3.0,7.0,3.0,6.0,0.3,0.1621621621621621,False,0.8485001137595244,other
LTA,27.76,19.49,1,6,1.0,4.0,1.0,4.0,0.1,0.1081081081081081,True,-0.1026044852343513,other
TNF,36.86,19.49,1,9,1.0,6.0,1.0,4.0,0.1,0.1081081081081081,True,-0.1026044852343513,approved
MAPK14,34.95,69.51,7,27,5.0,18.0,5.0,20.0,0.5,0.5405405405405406,False,-0.1103515573654427,failed
VEGFA,110.38,11.56,6,21,6.0,14.0,4.0,16.0,0.4,0.4324324324324324,True,-0.1098332362271199,approved
SLC29A1,34.57,42.62,3,21,3.0,12.0,3.0,13.0,0.3,0.3513513513513513,False,-0.2211340740775279,other
IL17A,0.0,0.0,0,0,0.0,0.0,0.0,0.0,0.0,0.0,False,0.0,approved
IL17F,0.0,0.0,0,1,0.0,1.0,0.0,1.0,0.0,0.027027027027027,False,-1.888578717331577,other
HCRTR2,0.0,0.0,0,0,0.0,0.0,0.0,0.0,0.0,0.0,False,0.0,other
CNR1,22.58,49.88,1,6,1.0,3.0,1.0,3.0,0.1,0.081081081081081,False,0.2722802030843886,other
TRAF3IP2,7.8,151.92,3,26,3.0,18.0,3.0,17.0,0.3,0.4594594594594595,False,-0.5987323626945678,other
MARCKS,12.36,34.9,4,16,4.0,10.0,4.0,10.0,0.4,0.2702702702702703,False,0.5488051914338078,other
HDAC2,0.0,20.68,0,4,0.0,4.0,0.0,4.0,0.0,0.1081081081081081,False,-3.5620361038716486,other
FRK,12.26,21.27,2,12,2.0,10.0,2.0,11.0,0.2,0.2972972972972973,False,-0.5492457504845378,other
CCN2,30.84,103.65,3,30,3.0,15.0,3.0,17.0,0.3,0.4594594594594595,False,-0.5987323626945678,other
ESR1,0.0,18.72,0,2,0.0,2.0,0.0,2.0,0.0,0.054054054054054,False,-2.679289883269309,other
PLG,0.0,0.0,0,0,0.0,0.0,0.0,0.0,0.0,0.0,False,0.0,other
AHR,0.0,67.78,0,26,0.0,15.0,0.0,13.0,0.0,0.3513513513513513,False,-5.175330384464403,other
IL6,3.51,56.98,2,14,2.0,10.0,2.0,7.0,0.2,0.1891891891891892,False,0.0762499793126403,other
GPNMB,0.0,4.01,0,3,0.0,3.0,0.0,3.0,0.0,0.081081081081081,False,-3.1871514155529086,other
PPIA,17.44,7.85,5,13,5.0,12.0,5.0,16.0,0.5,0.4324324324324324,True,0.2050401011262917,other
EGFR,11.86,370.19,2,35,2.0,17.0,2.0,18.0,0.2,0.4864864864864865,False,-1.2413651227036395,other
CDK6,9.72,17.6,4,15,4.0,11.0,4.0,13.0,0.4,0.3513513513513513,False,0.1822216201536808,other
NAMPT,66.6,88.13,0,6,0.0,6.0,0.0,6.0,0.0,0.1621621621621621,False,-4.105696196627351,other
MET,22.4,124.2,1,16,1.0,10.0,1.0,11.0,0.1,0.2972972972972973,False,-1.4821315546260008,other
CFTR,0.0,0.0,1,5,1.0,4.0,1.0,6.0,0.1,0.1621621621621621,False,-0.6462645779900534,other
IMPDH1,22.26,39.69,2,16,2.0,10.0,2.0,13.0,0.2,0.3513513513513513,False,-0.7830129616856427,other
CHRM2,0.0,3.5,0,3,0.0,3.0,0.0,3.0,0.0,0.081081081081081,False,-3.1871514155529086,other
BRAF,15.34,42.78,5,12,4.0,8.0,4.0,12.0,0.4,0.3243243243243243,False,0.2943755852706636,other
CDK5,20.19,115.98,5,27,5.0,17.0,5.0,18.0,0.5,0.4864864864864865,False,0.0387427964890957,other
LOXL2,13.09,2.82,1,5,1.0,4.0,1.0,4.0,0.1,0.1081081081081081,True,-0.1026044852343513,other
ADRA1A,7.35,0.0,1,1,1.0,1.0,1.0,2.0,0.1,0.054054054054054,True,0.780141735367988,other
PTK2B,53.18,61.62,4,26,3.0,17.0,3.0,19.0,0.3,0.5135135135135135,False,-0.7559585625874288,other
EPHX2,12.61,0.0,4,5,4.0,5.0,3.0,8.0,0.3,0.2162162162162162,True,0.4545658634654811,other
GSR,40.43,160.48,7,49,7.0,28.0,5.0,26.0,0.5,0.7027027027027027,False,-0.4828031482641149,other
FGFR1,7.25,63.29,4,17,4.0,11.0,4.0,12.0,0.4,0.3243243243243243,False,0.2943755852706636,other
IDO1,0.0,0.0,0,3,0.0,2.0,0.0,2.0,0.0,0.054054054054054,False,-2.679289883269309,other
IKBKB,17.32,72.67,3,22,3.0,15.0,2.0,14.0,0.2,0.3783783783783784,False,-0.8870735580496263,other
CA1,0.0,2.45,0,2,0.0,2.0,0.0,2.0,0.0,0.054054054054054,False,-2.679289883269309,other
CA2,12.79,21.88,2,11,2.0,8.0,2.0,11.0,0.2,0.2972972972972973,False,-0.5492457504845378,other
PTK2,21.61,43.0,4,27,3.0,17.0,3.0,17.0,0.3,0.4594594594594595,False,-0.5987323626945678,other
JAK2,21.27,62.01,2,11,2.0,7.0,2.0,9.0,0.2,0.2432432432432432,False,-0.2701344492514768,other
CD274,186.2,80.45,11,10,7.0,6.0,6.0,8.0,0.6,0.2162162162162162,True,1.431106890641492,approved
IL33,0.0,3.73,0,4,0.0,4.0,0.0,2.0,0.0,0.054054054054054,False,-2.679289883269309,approved
TYRP1,7.57,46.17,1,9,1.0,4.0,1.0,4.0,0.1,0.1081081081081081,False,-0.1026044852343513,other
TEK,0.0,0.0,0,2,0.0,2.0,0.0,2.0,0.0,0.054054054054054,False,-2.679289883269309,other
NTRK2,4.45,0.0,1,2,1.0,2.0,1.0,4.0,0.1,0.1081081081081081,True,-0.1026044852343513,other
SYK,55.92,6.88,5,9,5.0,7.0,4.0,9.0,0.4,0.2432432432432432,True,0.6951001325878468,other
ABL1,34.44,83.06,2,11,2.0,7.0,2.0,7.0,0.2,0.1891891891891892,False,0.0762499793126403,other
CACNA1B,0.0,0.0,0,2,0.0,2.0,0.0,3.0,0.0,0.081081081081081,False,-3.1871514155529086,other
MAP3K8,21.09,12.13,3,24,3.0,15.0,3.0,21.0,0.3,0.5675675675675675,True,-0.897721516643986,other
RET,3.91,27.19,1,0,1.0,0.0,1.0,0.0,0.1,0.0,False,3.4594316186372973,other
ALOX5,3.77,14.06,1,5,1.0,4.0,1.0,4.0,0.1,0.1081081081081081,False,-0.1026044852343513,other
CDK1,9.43,58.92,3,13,3.0,9.0,3.0,8.0,0.3,0.2162162162162162,False,0.4545658634654811,other
SIRT1,41.02,239.18,7,20,6.0,15.0,5.0,17.0,0.5,0.4594594594594595,False,0.1194966688900526,other
CYP26A1,5.39,9.63,2,10,2.0,8.0,2.0,10.0,0.2,0.2702702702702703,False,-0.4164293904055157,other
ADRB1,3.23,169.87,1,16,1.0,12.0,1.0,14.0,0.1,0.3783783783783784,False,-1.8199593621910897,other
FGFR2,5.13,13.28,1,4,1.0,3.0,1.0,3.0,0.1,0.081081081081081,False,0.2722802030843886,other
MS4A1,0.0,8.92,0,5,0.0,5.0,0.0,5.0,0.0,0.1351351351351351,False,-3.859324912356463,approved
PTGDR2,5.28,3.67,2,4,2.0,4.0,2.0,4.0,0.2,0.1081081081081081,True,0.8302813189071119,other
CHRM1,0.0,43.55,0,11,0.0,8.0,0.0,9.0,0.0,0.2432432432432432,False,-4.662451872030237,other
PGR,6.14,0.0,1,6,1.0,5.0,1.0,6.0,0.1,0.1621621621621621,True,-0.6462645779900534,other
MMP7,6.07,39.99,1,7,1.0,7.0,1.0,7.0,0.1,0.1891891891891892,False,-0.8566358248288228,other
MMP8,3.93,56.14,2,7,2.0,6.0,2.0,6.0,0.2,0.1621621621621621,False,0.2866212261514095,other
MMP1,0.0,0.0,0,2,0.0,2.0,0.0,2.0,0.0,0.054054054054054,False,-2.679289883269309,other
MMP12,0.0,0.0,0,1,0.0,1.0,0.0,1.0,0.0,0.027027027027027,False,-1.888578717331577,other
MMP13,0.0,13.01,1,13,1.0,10.0,1.0,6.0,0.1,0.1621621621621621,False,-0.6462645779900534,other
CASP1,0.0,0.0,0,2,0.0,2.0,0.0,2.0,0.0,0.054054054054054,False,-2.679289883269309,other
IL18,10.77,91.56,1,22,1.0,12.0,1.0,11.0,0.1,0.2972972972972973,False,-1.4821315546260008,ongoing
DRD2,0.0,3.32,1,3,1.0,3.0,1.0,3.0,0.1,0.081081081081081,False,0.2722802030843886,other
CD3E,0.0,14.1,0,1,0.0,1.0,0.0,1.0,0.0,0.027027027027027,False,-1.888578717331577,other
CHEK1,21.53,17.93,4,12,4.0,9.0,4.0,10.0,0.4,0.2702702702702703,True,0.5488051914338078,other
CD27,4.22,52.71,1,8,1.0,6.0,1.0,7.0,0.1,0.1891891891891892,False,-0.8566358248288228,other
LAG3,45.93,18.9,2,11,2.0,6.0,2.0,6.0,0.2,0.1621621621621621,True,0.2866212261514095,approved
CD4,0.0,0.0,0,1,0.0,1.0,0.0,1.0,0.0,0.027027027027027,False,-1.888578717331577,other
PDE3A,11.67,0.0,1,2,1.0,2.0,1.0,4.0,0.1,0.1081081081081081,True,-0.1026044852343513,other
IRAK4,51.38,19.32,4,13,4.0,9.0,4.0,10.0,0.4,0.2702702702702703,True,0.5488051914338078,other
VDR,30.94,15.24,4,14,4.0,9.0,4.0,6.0,0.4,0.1621621621621621,True,1.251855807990733,other
ITGB7,62.27,17.23,3,9,3.0,6.0,2.0,6.0,0.2,0.1621621621621621,True,0.2866212261514095,approved
GPR84,25.04,84.67,3,29,3.0,18.0,3.0,17.0,0.3,0.4594594594594595,False,-0.5987323626945678,other
PMEL,54.0,325.5,5,20,5.0,13.0,5.0,13.0,0.5,0.3513513513513513,False,0.4970949575070926,other
ERBB3,16.13,14.69,5,19,5.0,12.0,4.0,11.0,0.4,0.2972972972972973,True,0.4159888313547856,other
CDK4,41.56,62.24,7,24,6.0,16.0,6.0,17.0,0.6,0.4594594594594595,False,0.3778086644814432,other
IFNG,0.0,2.58,0,7,0.0,4.0,0.0,5.0,0.0,0.1351351351351351,False,-3.859324912356463,failed
IL22,0.0,0.0,0,0,0.0,0.0,0.0,0.0,0.0,0.0,False,0.0,other
NR1H4,2.4,0.0,2,6,2.0,5.0,2.0,6.0,0.2,0.1621621621621621,True,0.2866212261514095,other
SELPLG,7.43,127.73,3,28,3.0,17.0,3.0,19.0,0.3,0.5135135135135135,False,-0.7559585625874288,other
ALDH2,13.55,4.69,3,7,3.0,6.0,3.0,7.0,0.3,0.1891891891891892,True,0.6381288669207552,other
MAPKAPK5,12.14,67.51,3,26,3.0,16.0,3.0,19.0,0.3,0.5135135135135135,False,-0.7559585625874288,other
P2RX7,9.05,13.8,2,13,2.0,11.0,2.0,11.0,0.2,0.2972972972972973,False,-0.5492457504845378,other
FLT3,8.72,45.79,2,5,2.0,5.0,1.0,5.0,0.1,0.1351351351351351,False,-0.3998932937191657,other
FLT1,3.67,190.86,1,14,1.0,11.0,1.0,11.0,0.1,0.2972972972972973,False,-1.4821315546260008,other
TNFSF11,0.0,0.0,0,5,0.0,4.0,0.0,4.0,0.0,0.1081081081081081,False,-3.5620361038716486,other
HTR2A,7.67,0.0,2,3,2.0,2.0,2.0,3.0,0.2,0.081081081081081,True,1.2051660072258517,other
TNFSF13B,0.0,0.0,0,0,0.0,0.0,0.0,0.0,0.0,0.0,False,0.0,approved
F10,0.0,0.0,0,2,0.0,1.0,0.0,2.0,0.0,0.054054054054054,False,-2.679289883269309,other
PARP2,28.77,67.4,6,23,5.0,14.0,5.0,17.0,0.5,0.4594594594594595,False,0.1194966688900526,other
LTB4R,157.15,54.63,6,7,5.0,6.0,4.0,6.0,0.4,0.1621621621621621,True,1.251855807990733,other
PTGER2,0.0,83.44,0,14,0.0,8.0,0.0,8.0,0.0,0.2162162162162162,False,-4.499630446921394,other
LGALS3,2.41,34.77,3,13,3.0,8.0,3.0,7.0,0.3,0.1891891891891892,False,0.6381288669207552,other
ESR2,16.18,87.2,2,19,2.0,12.0,2.0,14.0,0.2,0.3783783783783784,False,-0.8870735580496263,other
SLC10A1,0.0,28.16,0,3,0.0,3.0,0.0,4.0,0.0,0.1081081081081081,False,-3.5620361038716486,other
PGF,2.43,0.0,1,2,1.0,2.0,1.0,2.0,0.1,0.054054054054054,True,0.780141735367988,other
CYP46A1,4.33,6.99,1,9,1.0,7.0,1.0,10.0,0.1,0.2702702702702703,False,-1.3493151945469788,other
IGHE,3.22,11.14,1,3,1.0,2.0,1.0,2.0,0.1,0.054054054054054,False,0.780141735367988,approved
CHRNA7,0.0,0.0,0,0,0.0,0.0,0.0,0.0,0.0,0.0,False,0.0,other
SLC12A1,2.43,8.67,2,5,2.0,4.0,2.0,5.0,0.2,0.1351351351351351,False,0.5329925104222974,other
CA12,20.55,19.07,3,16,3.0,11.0,3.0,12.0,0.3,0.3243243243243243,True,-0.1089801089605447,other
MAP2K1,31.2,348.07,5,47,5.0,25.0,5.0,28.0,0.5,0.7567567567567568,False,-0.5882717276739136,other
CD276,8.84,130.79,2,15,2.0,9.0,2.0,7.0,0.2,0.1891891891891892,False,0.0762499793126403,other
NTRK3,0.0,10.04,0,3,0.0,2.0,0.0,3.0,0.0,0.081081081081081,False,-3.1871514155529086,other
IGF1R,13.29,64.15,2,14,2.0,8.0,2.0,11.0,0.2,0.2972972972972973,False,-0.5492457504845378,other
PDPK1,23.6,75.93,2,17,2.0,11.0,2.0,10.0,0.2,0.2702702702702703,False,-0.4164293904055157,other
ABAT,0.0,97.03,2,15,2.0,9.0,2.0,9.0,0.2,0.2432432432432432,False,-0.2701344492514768,other
IL4R,24.75,50.92,5,16,5.0,10.0,5.0,8.0,0.5,0.2162162162162162,False,1.1727948950501017,approved
CD19,83.95,15.34,2,11,2.0,9.0,1.0,10.0,0.1,0.2702702702702703,True,-1.3493151945469788,approved
VKORC1,120.19,48.52,7,16,5.0,12.0,4.0,11.0,0.4,0.2972972972972973,True,0.4159888313547856,other
SLC5A2,25.13,17.87,2,9,2.0,4.0,2.0,4.0,0.2,0.1081081081081081,True,0.8302813189071119,other
SLC6A2,0.0,0.0,0,1,0.0,1.0,0.0,1.0,0.0,0.027027027027027,False,-1.888578717331577,other
SLC12A3,7.35,40.15,2,28,2.0,14.0,2.0,16.0,0.2,0.4324324324324324,False,-1.0750678180664432,other
CX3CL1,10.89,25.81,1,10,1.0,10.0,1.0,7.0,0.1,0.1891891891891892,False,-0.8566358248288228,other
CA7,8.49,12.51,1,2,1.0,2.0,1.0,2.0,0.1,0.054054054054054,False,0.780141735367988,other
DHODH,19.91,36.24,2,13,2.0,9.0,2.0,9.0,0.2,0.2432432432432432,False,-0.2701344492514768,other
TRPV1,0.0,0.0,0,1,0.0,1.0,0.0,1.0,0.0,0.027027027027027,False,-1.888578717331577,other
TNFSF12,11.51,11.96,2,7,2.0,7.0,2.0,8.0,0.2,0.2162162162162162,False,-0.1073130241426337,other
TNFSF13,15.47,48.73,6,31,5.0,20.0,5.0,20.0,0.5,0.5405405405405406,False,-0.1103515573654427,other
TP53,117.95,58.06,6,23,6.0,14.0,6.0,14.0,0.6,0.3783783783783784,True,0.6513463567344996,other
GLP2R,0.0,9.98,0,4,0.0,4.0,0.0,5.0,0.0,0.1351351351351351,False,-3.859324912356463,other
NOS2,4.35,0.0,2,6,2.0,5.0,2.0,6.0,0.2,0.1621621621621621,True,0.2866212261514095,other
SLC6A4,4.7,0.0,1,3,1.0,3.0,1.0,4.0,0.1,0.1081081081081081,True,-0.1026044852343513,other
CCL11,0.0,0.0,0,0,0.0,0.0,0.0,0.0,0.0,0.0,False,0.0,other
RARA,34.13,242.19,4,21,4.0,13.0,4.0,12.0,0.4,0.3243243243243243,False,0.2943755852706636,other
TOP2A,7.79,94.71,1,12,1.0,8.0,1.0,10.0,0.1,0.2702702702702703,False,-1.3493151945469788,other
CA4,19.63,10.22,2,8,2.0,5.0,2.0,9.0,0.2,0.2432432432432432,True,-0.2701344492514768,other
ACE,4.76,40.31,1,16,1.0,10.0,1.0,10.0,0.1,0.2702702702702703,False,-1.3493151945469788,other
SCN4A,0.0,5.51,0,6,0.0,4.0,0.0,4.0,0.0,0.1081081081081081,False,-3.5620361038716486,other
TYMS,10.85,10.02,4,14,4.0,11.0,4.0,15.0,0.4,0.4054054054054054,True,-0.0188960794437378,other
MC2R,0.0,111.82,0,11,0.0,3.0,0.0,4.0,0.0,0.1081081081081081,False,-3.5620361038716486,other
HRH4,6.54,0.0,1,0,1.0,0.0,1.0,0.0,0.1,0.0,True,3.4594316186372973,other
MADCAM1,277.19,109.23,8,27,6.0,18.0,5.0,17.0,0.5,0.4594594594594595,True,0.1194966688900526,other
ELANE,64.17,29.71,4,19,4.0,11.0,2.0,14.0,0.2,0.3783783783783784,True,-0.8870735580496263,other
S1PR4,0.0,27.15,1,10,1.0,7.0,1.0,9.0,0.1,0.2432432432432432,False,-1.20302025339294,other
EEF2,17.44,125.78,6,23,6.0,15.0,6.0,19.0,0.6,0.5135135135135135,False,0.2205824645885822,other
MAP2K2,11.07,47.1,3,18,3.0,11.0,3.0,13.0,0.3,0.3513513513513513,False,-0.2211340740775279,other
TNFSF14,35.06,90.67,2,27,2.0,16.0,2.0,15.0,0.2,0.4054054054054054,False,-0.9841306612830611,other
DNMT1,5.19,7.95,3,16,3.0,10.0,3.0,13.0,0.3,0.3513513513513513,False,-0.2211340740775279,other
TYK2,20.2,73.07,4,18,3.0,13.0,3.0,14.0,0.3,0.3783783783783784,False,-0.3251946704415115,approved
KEAP1,17.93,41.8,7,23,7.0,15.0,6.0,17.0,0.6,0.4594594594594595,False,0.3778086644814432,other
S1PR5,5.07,15.94,1,13,1.0,8.0,1.0,8.0,0.1,0.2162162162162162,False,-1.0401988282840968,other
JAK3,10.18,31.66,1,14,1.0,10.0,1.0,8.0,0.1,0.2162162162162162,False,-1.0401988282840968,other
FFAR2,142.07,0.0,1,3,1.0,3.0,1.0,3.0,0.1,0.081081081081081,True,0.2722802030843886,other
AXL,5.38,261.38,4,17,3.0,11.0,3.0,11.0,0.3,0.2972972972972973,False,0.0126331371235769,other
PTGIR,2.74,12.14,2,7,2.0,6.0,2.0,4.0,0.2,0.1081081081081081,False,0.8302813189071119,other
C5AR1,33.52,55.76,1,16,1.0,9.0,1.0,10.0,0.1,0.2702702702702703,False,-1.3493151945469788,approved
FCGRT,8.46,0.0,2,4,2.0,4.0,2.0,7.0,0.2,0.1891891891891892,True,0.0762499793126403,other
SIGLEC8,15.57,0.0,1,1,1.0,1.0,1.0,1.0,0.1,0.027027027027027,True,1.5708529013057202,approved
FKBP1A,10.99,52.01,2,15,2.0,11.0,2.0,12.0,0.2,0.3243243243243243,False,-0.6708589965686595,other
SNAP25,0.0,131.76,0,13,0.0,8.0,0.0,10.0,0.0,0.2702702702702703,False,-4.808746813184276,other
SRC,6.93,58.16,3,13,3.0,9.0,3.0,9.0,0.3,0.2432432432432432,False,0.2917444383566379,other
TOP1,15.15,65.24,3,15,3.0,10.0,3.0,12.0,0.3,0.3243243243243243,False,-0.1089801089605447,other
MMP9,11.54,71.71,2,11,2.0,8.0,2.0,8.0,0.2,0.2162162162162162,False,-0.1073130241426337,failed
CD40,4.92,18.96,3,6,3.0,5.0,3.0,5.0,0.3,0.1351351351351351,False,1.094871398030412,other
IFNAR1,18.05,43.92,3,14,3.0,10.0,3.0,9.0,0.3,0.2432432432432432,False,0.2917444383566379,approved
ICOSLG,0.0,0.0,0,0,0.0,0.0,0.0,0.0,0.0,0.0,False,0.0,other
IL17RA,28.82,33.51,3,17,3.0,11.0,3.0,12.0,0.3,0.3243243243243243,False,-0.1089801089605447,approved
COMT,24.92,49.14,3,19,3.0,14.0,2.0,14.0,0.2,0.3783783783783784,False,-0.8870735580496263,other
MIF,25.0,20.4,2,17,2.0,10.0,2.0,11.0,0.2,0.2972972972972973,True,-0.5492457504845378,other
ADORA2A,2.81,2.2,1,5,1.0,5.0,1.0,4.0,0.1,0.1081081081081081,True,-0.1026044852343513,other
TNFRSF13C,0.0,104.09,1,10,1.0,7.0,1.0,8.0,0.1,0.2162162162162162,False,-1.0401988282840968,other
PPARA,16.37,15.95,3,12,3.0,10.0,3.0,13.0,0.3,0.3513513513513513,True,-0.2211340740775279,other
MAPK11,4.16,27.38,4,21,4.0,12.0,4.0,15.0,0.4,0.4054054054054054,False,-0.0188960794437378,other
TLR7,0.0,3.51,1,2,1.0,2.0,1.0,1.0,0.1,0.027027027027027,False,1.5708529013057202,other
TLR8,0.0,0.0,0,2,0.0,2.0,0.0,2.0,0.0,0.054054054054054,False,-2.679289883269309,other
ARAF,7.72,80.65,4,31,4.0,18.0,4.0,19.0,0.4,0.5135135135135135,False,-0.35260286835622,other
HDAC6,0.0,15.02,0,9,0.0,7.0,0.0,8.0,0.0,0.2162162162162162,False,-4.499630446921394,other
HDAC8,0.0,54.22,0,12,0.0,8.0,0.0,8.0,0.0,0.2162162162162162,False,-4.499630446921394,other
CYSLTR1,14.82,0.0,1,1,1.0,1.0,1.0,1.0,0.1,0.027027027027027,True,1.5708529013057202,other
BTK,209.73,65.13,5,13,4.0,7.0,4.0,9.0,0.4,0.2432432432432432,True,0.6951001325878468,ongoing
HTR2C,0.0,0.0,0,0,0.0,0.0,0.0,0.0,0.0,0.0,False,0.0,other
CD40LG,0.0,0.0,0,0,0.0,0.0,0.0,0.0,0.0,0.0,False,0.0,other
MAGEA3,0.0,0.0,0,0,0.0,0.0,0.0,0.0,0.0,0.0,False,0.0,other
AVPR2,22.5,95.61,2,9,2.0,5.0,2.0,3.0,0.2,0.081081081081081,False,1.2051660072258517,other
IFNB1,0.0,35.0,0,3,,,0.0,5.0,0.0,0.1351,False,-0.1351,steroid_new
CD38,31.0,132.0,3,12,,,1.0,12.0,0.1,0.3243,False,-0.2243,steroid_new
KCNN4,43.0,196.0,4,18,,,3.0,16.0,0.3,0.4324,False,-0.1324,steroid_new
IMPA1,64.0,199.0,6,18,,,4.0,19.0,0.4,0.5135,False,-0.1135,steroid_new
EPOR,44.0,114.0,4,10,,,4.0,14.0,0.4,0.3784,False,0.0216,steroid_new
ICOS,0.0,11.0,0,1,,,0.0,1.0,0.0,0.027,False,-0.027,steroid_new
GLP1R,0.0,11.0,0,1,,,0.0,1.0,0.0,0.027,False,-0.027,steroid_new
PTGS1,32.0,91.0,3,8,,,2.0,11.0,0.2,0.2973,False,-0.0973,steroid_new
IL4,11.0,66.0,1,6,,,1.0,6.0,0.1,0.1622,False,-0.0622,steroid_new
GPD2,33.0,111.0,3,10,,,3.0,11.0,0.3,0.2973,False,0.0027,steroid_new
LINGO1,11.0,23.0,1,2,,,1.0,3.0,0.1,0.0811,False,0.0189,steroid_new
ALOX5AP,32.0,155.0,3,14,,,2.0,15.0,0.2,0.4054,False,-0.2054,steroid_new
C5,22.0,221.0,2,20,,,2.0,21.0,0.2,0.5676,False,-0.3676,steroid_new
KCNK2,0.0,101.0,0,9,,,0.0,11.0,0.0,0.2973,False,-0.2973,steroid_new
IL9,0.0,0.0,0,0,,,0.0,0.0,0.0,0.0,False,0.0,steroid_new
HRH3,0.0,55.0,0,5,,,0.0,5.0,0.0,0.1351,False,-0.1351,steroid_new
P2RX3,22.0,121.0,2,11,,,2.0,11.0,0.2,0.2973,False,-0.0973,steroid_new
PTGDR,0.0,22.0,0,2,,,0.0,2.0,0.0,0.0541,False,-0.0541,steroid_new
ITGA4,42.0,67.0,4,6,,,2.0,7.0,0.2,0.1892,False,0.0108,steroid_new
CCR4,22.0,35.0,2,3,,,2.0,5.0,0.2,0.1351,False,0.0649,steroid_new
CLEC4C,0.0,11.0,0,1,,,0.0,1.0,0.0,0.027,False,-0.027,steroid_new
OPRM1,11.0,11.0,1,1,,,1.0,1.0,0.1,0.027,False,0.073,steroid_new
KCNK10,0.0,11.0,0,1,,,0.0,1.0,0.0,0.027,False,-0.027,steroid_new
DDC,11.0,33.0,1,3,,,1.0,3.0,0.1,0.0811,False,0.0189,steroid_new
BCL2,75.0,76.0,7,7,,,5.0,6.0,0.5,0.1622,False,0.3378,steroid_new
KCNK9,11.0,96.0,1,8,,,1.0,16.0,0.1,0.4324,False,-0.3324,steroid_new
KCNK3,22.0,66.0,2,6,,,2.0,6.0,0.2,0.1622,False,0.0378,steroid_new
HSPA8,97.0,245.0,9,22,,,7.0,25.0,0.7,0.6757,False,0.0243,steroid_new
CD22,0.0,231.0,0,21,,,0.0,21.0,0.0,0.5676,False,-0.5676,steroid_new
AR,11.0,22.0,1,2,,,1.0,2.0,0.1,0.0541,False,0.0459,steroid_new
IL3RA,0.0,0.0,0,0,,,0.0,0.0,0.0,0.0,False,0.0,steroid_new
CD6,22.0,44.0,2,4,,,2.0,4.0,0.2,0.1081,False,0.0919,steroid_new
RGMA,0.0,58.0,0,5,,,0.0,8.0,0.0,0.2162,False,-0.2162,steroid_new
PCSK9,11.0,67.0,1,6,,,1.0,7.0,0.1,0.1892,False,-0.0892,steroid_new
ERVW-1,0.0,0.0,0,0,,,0.0,0.0,0.0,0.0,False,0.0,steroid_new
FCGR2B,0.0,0.0,0,0,,,0.0,0.0,0.0,0.0,False,0.0,steroid_new
KCNK18,0.0,0.0,0,0,,,0.0,0.0,0.0,0.0,False,0.0,steroid_new
DRD3,0.0,11.0,0,1,,,0.0,1.0,0.0,0.027,False,-0.027,steroid_new
LILRA4,0.0,22.0,0,2,,,0.0,2.0,0.0,0.0541,False,-0.0541,steroid_new
TPO,0.0,55.0,0,5,,,0.0,5.0,0.0,0.1351,False,-0.1351,steroid_new
RYR3,0.0,22.0,0,2,,,0.0,2.0,0.0,0.0541,False,-0.0541,steroid_new
RTN4,43.0,154.0,4,14,,,3.0,14.0,0.3,0.3784,False,-0.0784,steroid_new
TRPA1,0.0,57.0,0,5,,,0.0,7.0,0.0,0.1892,False,-0.1892,steroid_new
TYMP,86.0,187.0,8,17,,,6.0,17.0,0.6,0.4595,False,0.1405,steroid_new
TRPM8,0.0,43.0,0,4,,,0.0,3.0,0.0,0.0811,False,-0.0811,steroid_new
TBXA2R,53.0,202.0,5,18,,,3.0,22.0,0.3,0.5946,False,-0.2946,steroid_new
TNFRSF8,11.0,55.0,1,5,,,1.0,5.0,0.1,0.1351,False,-0.0351,steroid_new
SEMA4D,44.0,67.0,4,6,,,4.0,7.0,0.4,0.1892,False,0.2108,steroid_new
TXNRD1,55.0,254.0,5,23,,,5.0,24.0,0.5,0.6486,False,-0.1486,steroid_new
RYR1,0.0,47.0,0,4,,,0.0,7.0,0.0,0.1892,False,-0.1892,steroid_new
SLC18A2,0.0,55.0,0,5,,,0.0,5.0,0.0,0.1351,False,-0.1351,steroid_new
ERBB2,33.0,135.0,0,0,,,,,0.0,0.0,False,,other
NECTIN4,85.0,86.0,0,0,,,,,0.0,0.0,False,,other
CEACAM5,11.0,22.0,0,0,,,,,0.0,0.0,False,,other
MSLN,21.0,207.0,0,0,,,,,0.0,0.0,False,,other
FOLR1,0.0,11.0,0,0,,,,,0.0,0.0,False,,other
TNFRSF17,11.0,11.0,0,0,,,,,0.0,0.0,False,,other
CD47,32.0,179.0,0,0,,,,,0.0,0.0,False,,other
TACSTD2,33.0,198.0,0,0,,,,,0.0,0.0,False,,other
DLL3,0.0,22.0,0,0,,,,,0.0,0.0,False,,other
SLAMF7,11.0,22.0,0,0,,,,,0.0,0.0,False,,other
HGF,0.0,0.0,0,0,,,,,0.0,0.0,False,,other
DLL4,0.0,105.0,0,0,,,,,0.0,0.0,False,,other
ANGPT2,0.0,75.0,0,0,,,,,0.0,0.0,False,,other
ENG,0.0,169.0,0,0,,,,,0.0,0.0,False,,other
MUC1,64.0,360.0,0,0,,,,,0.0,0.0,False,,other
FOLH1,11.0,0.0,0,0,,,,,0.0,0.0,True,,other
TNFRSF10B,75.0,282.0,0,0,,,,,0.0,0.0,False,,other
ROBO1,0.0,0.0,0,0,,,,,0.0,0.0,False,,other
FAP,11.0,229.0,0,0,,,,,0.0,0.0,False,,other
CA9,33.0,157.0,0,0,,,,,0.0,0.0,False,,other
GPC3,0.0,11.0,0,0,,,,,0.0,0.0,False,,other
CLDN18,0.0,0.0,0,0,,,,,0.0,0.0,False,,other
