gene,max_phase,n_drugs,p1,p2,p3,approved,n_diseases
CD86,4,2,0,0,0,2,7
CD80,4,2,0,0,0,2,7
TNF,4,11,0,5,1,5,9
PTGS2,4,10,0,1,2,7,4
MC2R,4,1,0,0,0,1,2
SLC29A1,4,1,0,0,0,1,1
DHFR,4,2,0,0,0,2,8
NR3C1,4,40,0,4,1,35,14
MS4A1,4,5,0,2,0,3,7
FKBP1A,4,4,0,0,0,4,4
IL6R,4,4,0,1,1,2,4
IL1R1,4,3,0,2,0,1,2
PPAT,4,2,0,0,0,2,5
TNFSF13B,4,5,0,1,3,1,2
DHODH,4,2,0,0,1,1,5
TNFSF11,4,1,0,0,0,1,3
CCR5,4,3,1,1,0,1,2
IL1B,4,3,0,0,2,1,4
HMGCR,4,3,0,0,0,3,6
FDPS,4,1,0,0,0,1,1
IL17A,4,10,0,4,3,3,7
JAK1,4,10,0,2,2,6,9
JAK2,4,7,1,0,1,5,8
TYK2,4,6,0,1,1,4,8
JAK3,4,5,0,1,0,4,6
MAPK14,3,15,1,12,2,0,5
CD4,3,2,0,1,1,0,1
IL6,3,6,0,1,5,0,3
GMPS,3,1,0,0,1,0,1
CD3E,4,5,0,1,3,1,6
SYK,4,4,0,1,1,2,2
FGFR3,4,3,0,0,2,1,3
KIT,4,13,0,0,6,7,3
LTA,2,1,0,1,0,0,1
IL22,2,1,0,1,0,0,3
BTK,4,11,0,6,3,2,2
TNFSF13,3,1,0,0,1,0,1
CD19,1,1,1,0,0,0,1
IL17RA,4,1,0,0,0,1,5
CSF2,3,6,0,3,3,0,4
P2RX7,2,2,0,2,0,0,1
MAPKAPK5,2,1,0,1,0,0,1
CSF1R,4,7,1,2,1,3,2
FLT3,4,7,0,1,3,3,3
MMP9,3,2,0,1,1,0,4
CCR1,2,3,0,3,0,0,2
HRH4,2,2,0,2,0,0,3
TNFSF14,2,2,0,2,0,0,3
MAPK11,4,2,0,0,1,1,3
PPIA,4,1,0,0,0,1,4
FAAH,4,1,0,0,0,1,2
TRPV1,4,3,0,1,1,1,4
LTB4R,2,1,0,1,0,0,2
HRH1,4,3,0,0,0,3,2
ACE,4,2,0,0,0,2,1
ALOX5,4,6,0,0,0,6,7
IFNG,2,2,1,1,0,0,2
MMP13,4,2,0,1,0,1,5
ADAM17,2,1,0,1,0,0,1
PLA2G4A,2,1,0,1,0,0,1
IL15,2,1,0,1,0,0,2
PPARG,4,7,0,1,2,4,6
CXCL10,2,1,0,1,0,0,3
IFNAR1,4,1,0,0,0,1,1
MAP2K1,4,8,0,2,1,5,3
MAP2K2,4,7,0,1,1,5,2
TLR7,4,6,0,4,0,2,5
TLR9,4,6,0,1,4,1,4
HRH2,4,2,0,0,0,2,5
PTAFR,4,1,0,0,0,1,1
MIF,3,1,0,0,1,0,1
TRAF3IP2,3,1,0,0,1,0,1
KEAP1,4,1,0,0,0,1,3
CD52,4,1,0,0,0,1,2
CD28,2,1,0,1,0,0,1
TNFSF12,2,1,0,1,0,0,1
SPP1,2,1,0,1,0,0,1
IL20,2,1,0,1,0,0,2
ADORA3,3,1,0,0,1,0,2
CSF1,2,2,0,2,0,0,2
GNRHR,2,1,0,1,0,0,1
NOS2,2,1,0,1,0,0,1
IRAK4,2,1,0,1,0,0,1
PTGER4,2,2,0,2,0,0,2
IL17F,4,2,0,0,1,1,4
CX3CL1,2,1,0,1,0,0,2
PIKFYVE,2,2,0,2,0,0,2
CCR2,2,3,0,3,0,0,3
CD40,2,6,0,6,0,0,4
CD40LG,3,2,0,1,1,0,2
TNFRSF13C,3,1,0,0,1,0,1
NR1H4,4,1,0,0,0,1,2
OPRD1,2,1,0,1,0,0,1
RIPK1,2,1,0,1,0,0,4
PFOR,4,1,0,0,0,1,3
NR3C2,4,3,0,0,0,3,4
VKORC1,4,3,0,0,1,2,3
FCGRT,3,1,0,0,1,0,1
PDE3A,4,1,0,0,0,1,1
CNR1,4,2,0,0,0,2,5
IGF1R,4,1,0,0,0,1,1
VDR,4,8,0,2,1,5,8
GLP2R,4,1,0,0,0,1,1
folA,4,2,0,0,0,2,4
RARB,4,1,0,0,0,1,1
RARA,4,1,0,0,0,1,1
ITGB7,3,1,0,0,1,0,2
CCR9,3,1,0,0,1,0,2
GHR,4,1,0,0,0,1,2
MADCAM1,3,1,0,0,1,0,2
IL13,4,5,0,2,0,3,4
MMP7,4,1,0,0,0,1,4
MMP8,4,1,0,0,0,1,4
MMP1,4,1,0,0,0,1,4
ERG11,4,3,0,0,0,3,5
ESR2,2,1,0,1,0,0,1
HDAC1,4,2,0,1,0,1,2
HDAC3,4,2,0,1,0,1,2
HDAC6,4,1,0,0,0,1,2
HDAC2,4,2,0,1,0,1,2
CSF3R,4,3,0,0,1,2,3
S1PR5,4,2,0,0,0,2,2
IL18,2,2,0,2,0,0,3
CNR2,2,2,0,2,0,0,2
S1PR1,4,5,0,0,1,4,5
SCN5A,4,1,0,0,0,1,1
SCN4A,4,1,0,0,0,1,1
SLC5A2,4,2,0,0,0,2,5
CXCR2,2,3,0,3,0,0,3
CCL11,2,1,0,1,0,0,1
ITGA2,2,1,0,1,0,0,1
XDH,4,1,0,0,0,1,3
GPR84,2,1,0,1,0,0,1
SIRT1,2,1,0,1,0,0,3
FFAR2,2,1,0,1,0,0,1
TLR2,2,1,0,1,0,0,2
CD14,2,1,0,1,0,0,2
TNFRSF4,3,2,0,1,1,0,2
MAP3K8,2,1,0,1,0,0,1
REN,3,1,0,0,1,0,1
IL4R,4,1,0,0,0,1,3
S1PR4,4,1,0,0,0,1,1
OSMR,2,1,0,1,0,0,1
IL1A,3,2,0,0,2,0,3
CD2,4,2,0,1,0,1,2
SLC6A4,4,1,0,0,0,1,2
SLC6A2,4,2,0,0,0,2,2
DRD2,4,2,0,0,0,2,1
PPP3CA,4,1,0,0,0,1,1
MAP3K1,2,1,0,1,0,0,1
pol,4,8,0,1,1,6,3
NTRK1,4,3,0,1,1,1,3
NTRK2,3,1,0,0,1,0,1
NTRK3,3,1,0,0,1,0,1
RET,4,4,0,0,1,3,2
CYP26A1,2,1,0,1,0,0,1
PTH1R,4,1,0,0,0,1,1
ICOSLG,2,1,0,1,0,0,1
CASP1,2,1,0,1,0,0,2
AHR,4,1,0,0,0,1,2
EGFR,4,2,0,0,1,1,3
SELPLG,2,1,0,1,0,0,2
LGALS3,2,1,0,1,0,0,2
PIK3CD,3,4,0,3,1,0,3
TLR8,2,3,0,3,0,0,3
CALCRL,4,1,0,0,0,1,1
ROCK2,4,1,0,0,0,1,1
CXCR1,2,1,0,1,0,0,2
IGHE,4,3,1,0,1,1,2
PTGDR2,3,3,0,1,2,0,2
TACR1,3,2,0,1,1,0,2
TSLP,4,2,0,0,0,2,2
GluClX,4,1,0,0,0,1,1
INPP5D,3,1,0,0,1,0,2
IL31RA,4,1,0,0,0,1,1
IL33,3,3,0,2,1,0,2
TNFSF4,3,1,0,0,1,0,1
IL5RA,4,1,0,0,0,1,2
CHRM3,4,14,1,5,0,8,3
SIGLEC8,3,1,0,0,1,0,1
PTGER3,4,1,0,0,0,1,1
ADRB2,4,23,2,9,0,12,3
CHRM1,4,3,0,1,0,2,2
PGR,4,3,0,0,0,3,3
PTGIR,4,2,0,0,0,2,1
CFTR,4,2,0,1,0,1,1
CHRM2,4,3,0,2,0,1,1
HTR2A,4,1,0,0,0,1,1
HTR2C,4,1,0,0,0,1,1
ddl,4,1,0,0,0,1,1
alr,4,1,0,0,0,1,1
IL5,4,2,0,0,1,1,2
ACVR2B,3,1,0,0,1,0,1
IKBKB,3,2,0,1,1,0,2
CHRNA7,2,1,0,1,0,0,1
PDE5A,4,2,0,1,0,1,1
ADORA2A,2,2,0,2,0,0,2
P2RY12,4,2,0,0,0,2,1
ADRB1,4,4,0,0,0,4,3
AR,4,1,0,0,0,1,1
PDE4,2,1,0,1,0,0,1
MMP12,2,1,0,1,0,0,1
ELANE,4,2,0,1,0,1,1
MARCKS,2,1,0,1,0,0,1
EPHX2,2,1,0,1,0,0,1
CYSLTR1,4,1,0,0,0,1,1
ADH5,2,1,0,1,0,0,1
folP,4,1,0,0,0,1,2
ADORA1,3,2,0,1,1,0,2
SLC12A1,4,2,0,0,0,2,2
SNAP25,4,1,0,0,0,1,1
PTGFR,4,5,0,0,0,5,1
CA2,4,5,0,0,0,5,2
VEGFA,4,4,0,0,1,3,2
ADRA1A,4,1,0,0,0,1,1
CA7,4,1,0,0,0,1,1
CA1,4,3,0,0,0,3,3
CA4,4,3,0,0,0,3,2
PTGER2,4,1,0,0,0,1,1
AVPR2,4,3,0,0,1,2,1
SLC12A3,4,1,0,0,0,1,1
F10,4,3,0,0,1,2,1
SERPINC1,4,1,0,0,0,1,1
LOXL2,2,1,0,1,0,0,1
IMPDH1,4,1,0,0,0,1,2
NS5b,4,1,0,0,0,1,2
P,4,10,0,2,4,4,2
PPARA,4,2,0,0,1,1,2
EDNRA,3,1,0,0,1,0,1
PLG,4,1,0,0,0,1,2
CTLA4,4,4,0,0,2,2,1
BRAF,4,8,1,2,0,5,1
PDCD1,4,16,0,2,7,7,2
EEF2,4,2,0,1,0,1,1
ALDH2,4,1,0,0,0,1,1
ABL1,4,4,0,0,1,3,1
PDGFRB,4,5,0,0,1,4,1
RAF1,4,4,1,1,0,2,1
EPHA2,4,2,0,0,0,2,1
ALDH5A1,4,3,0,0,0,3,2
CDK1,3,1,0,0,1,0,1
CDK2,3,2,0,1,1,0,1
CDK5,3,1,0,0,1,0,1
CDK9,3,1,0,0,1,0,1
GPNMB,2,2,0,2,0,0,1
SRC,3,1,0,0,1,0,1
FGFR1,4,2,0,0,0,2,1
FGFR2,4,1,0,0,0,1,1
FRK,4,1,0,0,0,1,1
DDR2,4,1,0,0,0,1,1
TEK,4,1,0,0,0,1,1
NPR1,4,1,0,0,0,1,1
TNFRSF9,2,1,0,1,0,0,1
FN1,3,2,1,0,1,0,1
PGF,4,1,0,0,0,1,1
CD274,4,4,0,0,1,3,2
XPO1,4,1,0,0,0,1,1
KDR,4,5,0,0,3,2,1
PDGFRA,4,1,0,0,0,1,1
FLT1,4,2,0,0,1,1,1
FLT4,4,3,0,0,2,1,1
CDK4,4,4,0,2,0,2,1
CDK6,4,3,0,1,0,2,1
CHEK1,2,1,0,1,0,0,1
PDPK1,2,1,0,1,0,0,1
TYRP1,2,1,0,1,0,0,1
MAGEA3,3,1,0,0,1,0,1
TYMS,4,2,0,0,0,2,1
GSR,4,1,0,0,0,1,1
DNMT3A,4,1,0,0,0,1,1
DNMT1,4,1,0,0,0,1,1
SLC6A3,4,1,0,0,0,1,1
HPSE,3,1,0,0,1,0,1
FGF2,3,1,0,0,1,0,1
FGF1,3,1,0,0,1,0,1
CD27,2,1,0,1,0,0,1
IDO1,3,2,0,0,2,0,1
ARAF,1,1,1,0,0,0,1
AXL,2,1,0,1,0,0,1
NFE2L2,4,1,0,0,0,1,1
HDAC11,2,1,0,1,0,0,1
HDAC8,2,1,0,1,0,0,1
TLR3,3,1,0,0,1,0,1
TNFRSF18,1,1,1,0,0,0,1
ALK,4,2,0,0,0,2,1
MTOR,2,1,0,1,0,0,1
CD276,2,1,0,1,0,0,1
MET,4,1,0,0,0,1,1
CXCR4,4,1,0,0,0,1,1
NAMPT,2,1,0,1,0,0,1
TOP1,3,1,0,0,1,0,1
TP53,3,1,0,0,1,0,1
PMEL,4,1,0,0,0,1,1
LAG3,4,5,0,2,2,1,1
TIGIT,3,3,0,0,3,0,1
HAVCR2,2,1,0,1,0,0,1
ERBB3,2,1,0,1,0,0,1
NLRP3,2,1,0,1,0,0,1
CXCL8,2,1,0,1,0,0,1
ATR,3,1,0,0,1,0,1
LCK,4,1,0,0,0,1,1
ITK,4,1,0,0,0,1,1
PTK2,3,1,0,0,1,0,1
PTK2B,3,1,0,0,1,0,1
PARP1,4,1,0,0,0,1,1
PARP2,4,1,0,0,0,1,1
PIK3CB,2,1,0,1,0,0,1
C5,3,1,0,0,1,0,1
C5AR1,4,1,0,0,0,1,1
CCN2,3,1,0,0,1,0,1
SLC10A1,2,2,0,2,0,0,1
ESR1,4,1,0,0,0,1,1
TOP2A,4,1,0,0,0,1,1
HBcAg,2,2,0,2,0,0,1
SV2A,4,3,0,0,1,2,1
CACNA1B,4,1,0,0,0,1,1
ABAT,4,1,0,0,0,1,1
COMT,4,1,0,0,0,1,1
GRIA2,2,1,0,1,0,0,1
GRIA1,2,1,0,1,0,0,1
CYP46A1,3,1,0,0,1,0,1
CA12,4,1,0,0,0,1,1
HCRTR1,4,1,0,0,0,1,1
HCRTR2,4,1,0,0,0,1,1
